id,y,x0,x1,x2,x3,x4,x5,x6,x7,x8,x9
133,1,0.254879,-1.046633,0.209656,0.074214,-0.441366,-0.377645,-0.485934,0.347072,-0.287570,-0.733474
273,1,-1.142928,-0.781198,-1.166747,-0.923578,0.628230,-1.021418,-1.111867,-0.959523,-0.096672,-0.121683